{
  "dataset": "C:\\Users\\sarah\\Documents\\Codex\\2026-05-02\\Startup_sandbox\\ai_model\\data_sets\\data_sets\\final_training_data_v2.csv",
  "rows": 7505,
  "columns": [
    "funding_total_usd",
    "company_age",
    "sector_group",
    "funding_log1p"
  ],
  "target_distribution": {
    "1": 7096,
    "0": 409
  },
  "drop_risk_features": true,
  "drop_raw_sector": true,
  "drop_funding_features": false,
  "drop_age_feature": false,
  "train_distribution": {
    "1": 4541,
    "0": 262
  },
  "imbalance_ratio": 17.33206106870229,
  "balance": {
    "method": "ctgan",
    "minority_class": 0,
    "original_minority_count": 262,
    "synthetic_rows": 3143,
    "target_minority_ratio": 0.75,
    "gan_epochs": 120,
    "discrete_columns": [
      "sector_group"
    ],
    "note": "CTGAN was trained only on the training split's minority class; validation and test data were untouched."
  },
  "selected_model": "deeper_interactions",
  "validation": {
    "threshold": 0.75,
    "accuracy": 0.9800166527893422,
    "balanced_accuracy": 0.8298889490790899,
    "macro_f1": 0.8856734888148501,
    "roc_auc": 0.9685874864572048,
    "confusion_matrix": [
      [
        43,
        22
      ],
      [
        2,
        1134
      ]
    ],
    "class_metrics": {
      "failure_0": {
        "precision": 0.9555555555555556,
        "recall": 0.6615384615384615,
        "f1": 0.7818181818181819,
        "support": 65
      },
      "success_1": {
        "precision": 0.9809688581314879,
        "recall": 0.9982394366197183,
        "f1": 0.9895287958115183,
        "support": 1136
      }
    },
    "classification_report": "              precision    recall  f1-score   support\n\n           0       0.96      0.66      0.78        65\n           1       0.98      1.00      0.99      1136\n\n    accuracy                           0.98      1201\n   macro avg       0.97      0.83      0.89      1201\nweighted avg       0.98      0.98      0.98      1201\n"
  },
  "test": {
    "threshold": 0.75,
    "accuracy": 0.9846768820786143,
    "balanced_accuracy": 0.871246497877241,
    "macro_f1": 0.9166644539123507,
    "roc_auc": 0.9899920933670225,
    "confusion_matrix": [
      [
        61,
        21
      ],
      [
        2,
        1417
      ]
    ],
    "class_metrics": {
      "failure_0": {
        "precision": 0.9682539682539683,
        "recall": 0.7439024390243902,
        "f1": 0.8413793103448276,
        "support": 82
      },
      "success_1": {
        "precision": 0.9853963838664812,
        "recall": 0.9985905567300916,
        "f1": 0.991949597479874,
        "support": 1419
      }
    },
    "classification_report": "              precision    recall  f1-score   support\n\n           0       0.97      0.74      0.84        82\n           1       0.99      1.00      0.99      1419\n\n    accuracy                           0.98      1501\n   macro avg       0.98      0.87      0.92      1501\nweighted avg       0.98      0.98      0.98      1501\n"
  },
  "candidate_models": [
    {
      "name": "balanced_generalist",
      "threshold": 0.62,
      "selection_score": 0.8517741328472718,
      "threshold_search": {
        "macro_f1": 0.8755105002384063,
        "balanced_accuracy": 0.8076923076923077
      },
      "validation": {
        "threshold": 0.62,
        "accuracy": 0.9791840133222315,
        "balanced_accuracy": 0.8076923076923077,
        "macro_f1": 0.8755105002384063,
        "roc_auc": 0.9666508667388949,
        "confusion_matrix": [
          [
            40,
            25
          ],
          [
            0,
            1136
          ]
        ],
        "class_metrics": {
          "failure_0": {
            "precision": 1.0,
            "recall": 0.6153846153846154,
            "f1": 0.7619047619047619,
            "support": 65
          },
          "success_1": {
            "precision": 0.9784668389319552,
            "recall": 1.0,
            "f1": 0.9891162385720506,
            "support": 1136
          }
        },
        "classification_report": "              precision    recall  f1-score   support\n\n           0       1.00      0.62      0.76        65\n           1       0.98      1.00      0.99      1136\n\n    accuracy                           0.98      1201\n   macro avg       0.99      0.81      0.88      1201\nweighted avg       0.98      0.98      0.98      1201\n"
      }
    },
    {
      "name": "high_recall_failure",
      "threshold": 0.8200000000000001,
      "selection_score": 0.8414978847963295,
      "threshold_search": {
        "macro_f1": 0.8606488835186468,
        "balanced_accuracy": 0.805931744312026
      },
      "validation": {
        "threshold": 0.8200000000000001,
        "accuracy": 0.9758534554537885,
        "balanced_accuracy": 0.805931744312026,
        "macro_f1": 0.8606488835186468,
        "roc_auc": 0.9629604550379198,
        "confusion_matrix": [
          [
            40,
            25
          ],
          [
            4,
            1132
          ]
        ],
        "class_metrics": {
          "failure_0": {
            "precision": 0.9090909090909091,
            "recall": 0.6153846153846154,
            "f1": 0.7339449541284404,
            "support": 65
          },
          "success_1": {
            "precision": 0.9783923941227312,
            "recall": 0.9964788732394366,
            "f1": 0.987352812908853,
            "support": 1136
          }
        },
        "classification_report": "              precision    recall  f1-score   support\n\n           0       0.91      0.62      0.73        65\n           1       0.98      1.00      0.99      1136\n\n    accuracy                           0.98      1201\n   macro avg       0.94      0.81      0.86      1201\nweighted avg       0.97      0.98      0.97      1201\n"
      }
    },
    {
      "name": "deeper_interactions",
      "threshold": 0.75,
      "selection_score": 0.866148899907334,
      "threshold_search": {
        "macro_f1": 0.8856734888148501,
        "balanced_accuracy": 0.8298889490790899
      },
      "validation": {
        "threshold": 0.75,
        "accuracy": 0.9800166527893422,
        "balanced_accuracy": 0.8298889490790899,
        "macro_f1": 0.8856734888148501,
        "roc_auc": 0.9685874864572048,
        "confusion_matrix": [
          [
            43,
            22
          ],
          [
            2,
            1134
          ]
        ],
        "class_metrics": {
          "failure_0": {
            "precision": 0.9555555555555556,
            "recall": 0.6615384615384615,
            "f1": 0.7818181818181819,
            "support": 65
          },
          "success_1": {
            "precision": 0.9809688581314879,
            "recall": 0.9982394366197183,
            "f1": 0.9895287958115183,
            "support": 1136
          }
        },
        "classification_report": "              precision    recall  f1-score   support\n\n           0       0.96      0.66      0.78        65\n           1       0.98      1.00      0.99      1136\n\n    accuracy                           0.98      1201\n   macro avg       0.97      0.83      0.89      1201\nweighted avg       0.98      0.98      0.98      1201\n"
      }
    }
  ],
  "top_features": [
    {
      "feature": "funding_total_usd",
      "importance": 0.5039229393005371
    },
    {
      "feature": "company_age",
      "importance": 0.19824941456317902
    },
    {
      "feature": "funding_log1p",
      "importance": 0.07414258271455765
    },
    {
      "feature": "sector_group_food_services",
      "importance": 0.046040985733270645
    },
    {
      "feature": "sector_group_finance",
      "importance": 0.0335962250828743
    },
    {
      "feature": "sector_group_manufacturing",
      "importance": 0.03147587180137634
    },
    {
      "feature": "sector_group_infrequent_sklearn",